post_id,hashtag
9222,#glass
4535,#course
6285,#institution
2547,#help
4358,#choice
9471,#wear
8005,#ahead
2217,#training
3004,#camera
5676,#event
9535,#body
313,#poor
5202,#option
3103,#call
5544,#seven
8282,#majority
3119,#two
2396,#again
2722,#prove
8210,#citizen
3618,#however
5007,#apply
8777,#fast
3332,#security
1831,#serve
3303,#available
8486,#air
5039,#treatment
4791,#serious
6470,#town
850,#trade
728,#majority
8426,#type
6741,#painting
1609,#general
2397,#on
8062,#indeed
4826,#shoulder
2263,#these
1385,#day
5661,#hear
3752,#rate
6940,#nothing
288,#both
6658,#race
640,#note
7655,#professor
1538,#possible
7749,#tonight
5776,#concern
8238,#buy
4288,#candidate
8305,#letter
2682,#paper
9444,#market
8872,#situation
6313,#face
807,#over
6473,#opportunity
5371,#plant
6336,#politics
2133,#method
816,#fact
651,#own
7316,#tonight
22,#professor
1222,#analysis
2676,#work
9760,#become
6687,#light
4507,#cause
2491,#organization
3957,#likely
5891,#anything
2211,#court
4398,#affect
6133,#late
6425,#no
393,#no
3344,#its
6452,#mind
8714,#form
5421,#number
4956,#outside
4641,#station
1312,#picture
3267,#strong
8026,#school
8444,#strategy
660,#support
1301,#college
2999,#last
4646,#born
218,#whole
25,#enjoy
9104,#be
626,#ability
7070,#for
3247,#these
5891,#price
9318,#with
205,#must
8498,#budget
6263,#quickly
9171,#entire
1591,#store
9426,#by
2271,#rest
1958,#not
4459,#stock
9103,#among
122,#cultural
2005,#cover
4577,#catch
1626,#nothing
8100,#traditional
2583,#parent
7739,#east
9842,#mother
611,#much
2116,#before
5465,#although
8422,#single
6605,#sense
7393,#computer
6013,#argue
9172,#activity
2107,#represent
7193,#either
1975,#ability
2301,#million
3760,#able
1661,#national
1792,#of
3577,#church
5399,#agency
5241,#field
344,#to
5675,#table
359,#line
9620,#nearly
9352,#pattern
9771,#many
7886,#culture
4560,#will
7071,#easy
8562,#theory
7354,#ahead
2473,#national
9572,#else
7209,#difference
9373,#minute
2605,#manager
8318,#every
3264,#manage
9724,#behavior
2437,#least
9423,#even
1520,#serious
2682,#recognize
6161,#reflect
6522,#in
8616,#apply
9344,#table
6715,#those
3672,#sing
839,#seat
4297,#several
8868,#section
1681,#behavior
7406,#tonight
2166,#entire
6749,#rock
9113,#garden
8843,#off
1934,#most
8389,#big
9953,#beat
1639,#year
5765,#off
6164,#production
7177,#daughter
961,#goal
8647,#see
2069,#former
3789,#allow
5616,#old
7586,#too
9643,#base
7961,#represent
8818,#lawyer
5675,#keep
6820,#ahead
4698,#candidate
7566,#maintain
8397,#interest
7824,#speech
1830,#where
4506,#total
5422,#media
2465,#approach
3700,#out
7877,#nothing
9553,#certain
3811,#bill
8719,#lead
1725,#product
6683,#many
9093,#beat
4468,#kitchen
5287,#camera
3418,#community
5346,#stay
7275,#mission
3637,#strong
2455,#never
3205,#eye
1125,#surface
5307,#respond
5174,#little
8524,#same
9606,#one
9648,#want
5970,#table
7737,#now
1525,#strong
8085,#fill
8818,#stuff
5258,#executive
4526,#arm
6615,#daughter
5959,#beyond
7661,#right
7487,#occur
4895,#edge
2329,#attorney
8721,#natural
1907,#your
5770,#nation
5360,#cut
8073,#type
7129,#impact
2179,#strategy
7063,#despite
5744,#pass
9372,#help
9179,#school
7883,#impact
2813,#increase
2360,#toward
6602,#special
9495,#relationship
3552,#final
1923,#have
2399,#Congress
7723,#outside
5576,#ability
7296,#draw
6388,#reality
4067,#stand
8476,#hundred
5088,#positive
8158,#wonder
6195,#this
5054,#beautiful
3047,#goal
6983,#lead
3942,#form
7593,#own
6673,#shoulder
9912,#American
7076,#stock
3683,#call
1646,#economy
5837,#financial
3141,#population
539,#around
9589,#account
4780,#say
4207,#own
9003,#who
4845,#check
1824,#learn
6225,#with
4576,#significant
5266,#site
7810,#company
6946,#interesting
2318,#explain
4529,#baby
6120,#up
2050,#total
3684,#certainly
3662,#decade
4119,#none
8758,#image
9498,#source
9909,#end
1372,#particularly
437,#common
7304,#sound
9284,#new
9439,#year
861,#bit
1959,#suggest
7009,#increase
2640,#friend
2341,#two
8511,#ahead
1831,#happen
3582,#tend
9832,#us
1577,#move
7483,#foreign
1766,#best
5325,#learn
293,#impact
7760,#myself
938,#use
5365,#cut
9890,#play
5663,#full
2352,#human
701,#trouble
7721,#expect
8064,#avoid
5629,#indicate
7373,#management
101,#thank
3407,#school
9575,#program
6869,#nation
4206,#around
5621,#collection
9378,#section
7556,#base
8694,#main
9170,#professor
4718,#career
4730,#here
8604,#follow
4481,#peace
4536,#against
1492,#street
861,#interesting
5508,#away
9552,#offer
5461,#machine
7200,#pass
2903,#number
3660,#bit
8561,#style
2170,#people
7936,#per
5907,#leader
6526,#begin
6408,#leg
7931,#bank
6496,#player
9554,#choice
4250,#fly
3947,#develop
8592,#bad
3,#sometimes
3123,#memory
2731,#serve
342,#lawyer
7741,#sister
9575,#group
8596,#management
7286,#door
4112,#fire
2225,#bed
253,#without
2658,#several
4390,#along
8675,#available
3471,#base
2419,#recently
9690,#wall
3861,#country
2858,#customer
4981,#our
8061,#prepare
5918,#song
2281,#everything
8753,#ground
7298,#he
5729,#start
5516,#those
6054,#increase
5124,#small
1030,#structure
7943,#difference
225,#great
8730,#measure
3787,#green
4398,#major
1773,#collection
4899,#wrong
627,#open
1081,#accept
113,#rich
1694,#once
6993,#man
8200,#record
4243,#must
6158,#maintain
3213,#see
9512,#discussion
1487,#everybody
367,#quickly
8833,#few
8664,#PM
9762,#chair
4232,#other
1462,#region
3630,#investment
1088,#security
995,#high
7949,#present
2784,#southern
8189,#live
6322,#value
3166,#everybody
7628,#bill
3599,#cost
4398,#beyond
9304,#region
3082,#go
9143,#beat
9803,#describe
8678,#reason
2963,#the
7768,#why
6284,#international
5737,#computer
2911,#arm
9629,#church
7366,#support
7327,#reach
1417,#west
9524,#list
6089,#man
2725,#enter
3470,#my
8572,#decide
8120,#believe
3430,#we
7793,#approach
7884,#door
8909,#involve
3431,#test
4977,#however
4452,#machine
43,#bill
3904,#really
6090,#stock
2603,#including
6967,#line
6150,#expert
4793,#local
519,#son
3944,#school
1339,#get
3737,#message
4460,#bit
4925,#help
9753,#own
9067,#throughout
1029,#star
1177,#performance
6545,#at
8905,#type
4117,#growth
3474,#build
951,#material
2428,#kitchen
5926,#writer
615,#dog
1618,#base
2354,#ahead
6076,#phone
7262,#local
4723,#quickly
497,#fire
1758,#beat
8000,#determine
2595,#indeed
7073,#a
2481,#stop
600,#these
5276,#physical
8735,#simple
1042,#my
1391,#least
9021,#edge
4904,#ball
6734,#surface
2839,#mind
4421,#sea
8274,#type
3253,#new
4186,#be
5336,#rich
1788,#support
6538,#water
4252,#hold
9098,#study
3665,#plan
1408,#policy
2514,#occur
9875,#entire
1655,#course
8819,#step
1916,#cause
2092,#before
7379,#good
9824,#mouth
1982,#shoulder
5473,#resource
8952,#service
1303,#girl
9605,#stand
1998,#get
7218,#training
617,#fear
5073,#brother
4295,#skin
7229,#word
4769,#answer
617,#partner
6917,#else
6075,#southern
5956,#positive
1622,#factor
3095,#structure
477,#argue
4320,#they
4773,#bit
6908,#million
1579,#culture
1703,#onto
4892,#somebody
6326,#wrong
577,#day
7805,#accept
4098,#cost
7351,#small
4950,#decade
1400,#piece
8438,#face
7956,#seat
192,#name
1584,#gas
1502,#world
7304,#contain
8795,#night
2595,#discussion
8811,#school
5516,#prove
9387,#side
3833,#rich
3952,#see
4322,#about
6133,#late
6954,#maybe
3636,#worry
3338,#common
9196,#indeed
9303,#bed
3783,#possible
5662,#manage
2677,#add
5375,#theory
4630,#environment
4693,#whether
9965,#letter
9456,#personal
9129,#stage
8349,#that
4065,#suddenly
5480,#minute
1358,#continue
4639,#who
2159,#traditional
2779,#person
2007,#type
4586,#seven
3158,#no
3519,#believe
2394,#put
2562,#share
2642,#across
3947,#thing
3953,#level
464,#quickly
5398,#ball
3151,#everybody
2075,#especially
909,#whether
8968,#information
2261,#trouble
9440,#education
5670,#watch
5933,#science
2090,#rise
8321,#loss
3019,#white
4831,#thing
9796,#fast
5697,#than
4930,#sometimes
5226,#step
5314,#debate
1360,#television
8350,#whom
6441,#add
2545,#national
6084,#community
5611,#every
3620,#different
9384,#nearly
306,#receive
2171,#yeah
3284,#early
7368,#street
9871,#may
1177,#country
9490,#nearly
356,#deep
1153,#build
6692,#federal
5469,#successful
8775,#break
5442,#third
8003,#lose
282,#address
4449,#though
4903,#specific
7807,#part
491,#break
4986,#those
4287,#relationship
2441,#trial
9602,#father
1924,#score
4010,#green
3355,#before
5195,#represent
3405,#seek
8060,#skill
1717,#road
1449,#me
247,#material
6417,#million
9748,#available
6003,#wind
9710,#hospital
7623,#reality
8303,#money
1804,#name
8611,#major
5172,#suggest
6857,#job
8137,#nation
8538,#art
1154,#very
9257,#fly
3040,#agent
7041,#election
1352,#front
4889,#thing
2183,#action
8008,#crime
6457,#out
4538,#after
1737,#win
9771,#church
7113,#gun
2453,#outside
4170,#choose
5113,#attack
2927,#senior
9751,#some
8893,#role
599,#interest
1562,#political
1025,#free
243,#couple
8378,#writer
8106,#Mr
7856,#policy
8414,#even
8247,#growth
2440,#fear
2440,#within
12,#major
2975,#series
1253,#we
7211,#fish
1329,#study
5137,#management
8516,#save
6636,#continue
5441,#college
1789,#them
113,#by
5955,#guess
5808,#standard
7230,#type
5322,#season
5174,#despite
1328,#quite
9272,#fight
2959,#woman
7666,#material
5433,#least
8483,#indicate
1279,#politics
6703,#year
2210,#total
4244,#crime
5419,#keep
7984,#down
1122,#camera
7336,#until
9314,#position
5511,#develop
29,#strategy
4338,#practice
9017,#third
3471,#think
6129,#throw
5172,#party
5072,#improve
8716,#near
8854,#party
5117,#parent
9664,#fire
2857,#role
2647,#general
1494,#lay
9045,#life
8487,#every
5285,#up
3163,#available
7016,#property
2310,#indicate
33,#dream
9514,#admit
524,#security
4482,#always
3803,#no
9383,#where
9134,#company
7833,#final
1121,#admit
8565,#red
7421,#process
2266,#season
2481,#also
9192,#camera
1828,#end
2453,#five
4258,#movement
7522,#all
1645,#wide
7638,#class
3381,#stage
5560,#attorney
8903,#person
404,#give
9520,#sometimes
2521,#occur
5849,#investment
3926,#gun
1437,#they
3296,#truth
512,#art
8917,#business
4998,#final
4866,#future
9961,#site
3607,#lay
9065,#suggest
3280,#seat
6318,#audience
698,#space
5910,#again
5119,#full
3359,#your
8821,#against
8468,#truth
6479,#work
546,#establish
7178,#century
6156,#way
3640,#name
8025,#dog
9417,#family
7324,#remember
3018,#investment
3777,#in
8054,#yeah
641,#surface
5137,#fine
2344,#wear
7124,#how
5729,#a
637,#western
2413,#write
8221,#candidate
2473,#they
739,#message
4686,#discover
4393,#myself
561,#use
8316,#forget
9644,#budget
926,#everyone
7385,#voice
2327,#process
9570,#about
3612,#good
2270,#his
1306,#level
7498,#team
411,#contain
4577,#meeting
7450,#process
3256,#degree
5186,#relate
2120,#organization
4336,#teach
4709,#far
3983,#through
5259,#fight
9478,#join
2409,#president
4037,#movement
3072,#knowledge
2876,#start
2252,#majority
3492,#sure
5679,#artist
6113,#travel
8330,#middle
2649,#our
7268,#deal
9924,#research
9764,#land
7905,#memory
8651,#address
9932,#whom
1394,#entire
8476,#never
3721,#pattern
4862,#people
6453,#who
3530,#money
9356,#painting
1274,#house
120,#officer
3038,#recently
3093,#nothing
4891,#wrong
3359,#call
9,#wish
252,#drive
9549,#husband
9064,#table
9380,#resource
9477,#job
4013,#attention
4306,#themselves
9805,#brother
6568,#goal
120,#activity
3125,#least
7418,#understand
1715,#reveal
7229,#specific
3668,#southern
144,#note
8598,#yet
2179,#own
6708,#person
4144,#director
5148,#hard
2871,#coach
3501,#design
911,#concern
5001,#need
5550,#development
7709,#someone
8706,#want
5516,#left
3569,#whole
1703,#end
2489,#structure
4156,#gun
4965,#three
7369,#may
5903,#fact
809,#Mr
8115,#and
4034,#mission
7299,#concern
9018,#start
6189,#job
3667,#lawyer
1134,#serve
9629,#involve
9927,#them
7508,#mouth
4192,#language
2364,#prevent
7370,#customer
6029,#all
3085,#place
8356,#space
7579,#large
8101,#can
9877,#night
8602,#model
2043,#onto
9114,#fear
5057,#certainly
8488,#officer
2927,#herself
5,#nation
9243,#ok
495,#husband
7367,#note
1964,#large
5686,#set
9007,#nothing
5524,#art
2122,#hundred
663,#summer
4227,#low
1281,#message
6218,#personal
601,#there
6185,#operation
6895,#pick
6362,#participant
6969,#reality
9649,#two
689,#industry
6903,#budget
1813,#wear
5173,#compare
5669,#politics
8308,#key
5283,#side
3053,#election
4840,#event
2791,#economy
2082,#market
6840,#responsibility
8882,#what
123,#baby
2961,#recently
585,#have
772,#skin
2248,#brother
8620,#matter
564,#discuss
9689,#wish
67,#suggest
5919,#sometimes
6651,#speak
1131,#song
670,#usually
4029,#majority
4854,#religious
5575,#thought
1521,#yeah
8743,#machine
8858,#least
8308,#point
6103,#beat
4170,#can
21,#exactly
701,#because
707,#break
5528,#attorney
2259,#wonder
2535,#medical
2061,#impact
4423,#evidence
5591,#wife
375,#middle
4639,#instead
226,#recent
5521,#pattern
1337,#maybe
2052,#discuss
1964,#break
1273,#often
6661,#a
5294,#risk
9420,#remember
1247,#dinner
42,#vote
7642,#now
465,#interest
8896,#employee
6429,#attorney
4395,#but
2512,#ok
5583,#board
9388,#fall
7500,#listen
8969,#expect
353,#control
2483,#such
4839,#few
9135,#name
7735,#source
3382,#response
5694,#knowledge
9968,#talk
3385,#account
5843,#five
3030,#option
259,#also
9015,#foot
2344,#moment
6764,#oil
9680,#everybody
7299,#world
8127,#success
8463,#yet
7807,#again
1334,#film
3034,#sound
1221,#might
1363,#another
6007,#possible
6675,#anyone
6953,#little
9915,#station
8486,#member
6140,#draw
13,#fast
6162,#number
897,#six
6616,#have
8893,#miss
3756,#every
6363,#professor
2843,#it
9440,#cold
1805,#director
7838,#recognize
3427,#year
4150,#soon
7481,#home
5651,#surface
2796,#material
7260,#stay
5167,#source
5488,#moment
2532,#partner
6048,#industry
9712,#town
2093,#edge
8855,#suggest
22,#own
8493,#help
2507,#night
9129,#tree
5974,#study
7387,#operation
7207,#available
5412,#citizen
6395,#see
9436,#measure
5665,#model
2276,#bag
9998,#would
5801,#magazine
1314,#serve
6604,#citizen
8058,#no
5534,#step
3727,#yeah
9818,#morning
943,#let
1687,#home
6804,#response
5726,#ask
9585,#system
6782,#body
4836,#professional
8926,#about
1742,#other
804,#inside
9532,#develop
7378,#far
5968,#teacher
1914,#dinner
3372,#police
5439,#glass
9301,#spend
3796,#too
5809,#source
1747,#less
2830,#various
1568,#gas
4520,#daughter
4581,#recently
1645,#what
8920,#artist
9880,#soldier
8874,#individual
6329,#beyond
6938,#hard
470,#discuss
5571,#great
1982,#general
964,#become
510,#time
9366,#listen
9396,#kitchen
7047,#laugh
7118,#bad
1468,#top
9758,#wind
583,#choose
2750,#office
569,#not
5302,#first
9273,#adult
471,#treatment
2154,#meeting
4411,#mission
2063,#officer
8143,#significant
1472,#around
877,#accept
126,#appear
8366,#region
184,#from
4086,#institution
3620,#law
3586,#still
6517,#grow
8650,#front
3556,#the
5864,#can
1640,#couple
3152,#other
4966,#large
6455,#thousand
6248,#value
5094,#own
608,#find
4088,#may
7637,#feeling
4278,#consider
9992,#moment
107,#seat
1013,#more
7806,#investment
9759,#perform
7357,#candidate
4389,#inside
4690,#political
5835,#accept
4047,#audience
5773,#parent
1107,#push
8337,#wind
7058,#relate
9539,#alone
6728,#part
1945,#them
6723,#investment
5805,#peace
6732,#candidate
1078,#process
6363,#identify
9803,#someone
2325,#prevent
2817,#choice
9161,#night
889,#well
1065,#lay
950,#material
7987,#although
9104,#walk
8429,#look
7420,#analysis
3645,#hold
4323,#young
5817,#common
2992,#usually
6906,#seat
6316,#interesting
8432,#test
3216,#matter
4522,#speak
651,#smile
5792,#build
5596,#think
4791,#far
9443,#child
3664,#focus
8748,#product
1105,#type
9997,#along
6440,#director
7099,#about
1389,#involve
1023,#make
5071,#leave
3205,#cut
5656,#attack
7314,#state
4769,#letter
4203,#similar
7715,#realize
3288,#each
2585,#vote
9915,#produce
4470,#test
5739,#development
8601,#character
1865,#drop
3853,#painting
3979,#after
4080,#change
4868,#raise
6429,#PM
3716,#right
9067,#star
4865,#sense
6682,#throw
9045,#news
1423,#firm
930,#whom
1369,#by
2671,#whether
8370,#total
9249,#sure
5782,#think
1082,#defense
7618,#east
3680,#different
6714,#my
8313,#term
7749,#offer
7659,#that
3825,#happen
4784,#cell
7869,#former
9567,#late
4479,#behind
4212,#turn
9088,#media
517,#yard
3419,#become
9278,#hospital
5821,#available
2764,#discussion
7202,#voice
2180,#school
651,#evening
8751,#return
9338,#media
2748,#person
7243,#beautiful
6890,#fish
5346,#lose
5046,#body
7892,#move
8368,#leader
7782,#need
2158,#yourself
5955,#institution
3698,#agreement
4832,#home
8757,#military
6336,#glass
7750,#have
9424,#cell
9686,#level
9650,#seek
5052,#customer
6500,#local
4938,#wide
5429,#boy
8836,#indeed
2556,#life
5403,#administration
9832,#grow
6227,#I
5923,#public
6497,#military
3632,#drug
8963,#election
8517,#son
672,#behavior
3309,#such
90,#effort
8912,#rock
5684,#big
7150,#news
5023,#pressure
2403,#break
8676,#his
6461,#approach
9162,#yourself
9936,#social
4457,#doctor
8376,#financial
3506,#gun
4297,#wish
8216,#including
5891,#power
3846,#move
784,#job
2845,#owner
7809,#southern
5894,#give
2217,#major
658,#professor
8959,#school
5874,#early
177,#tree
118,#decide
2463,#research
3295,#cost
5651,#include
1900,#successful
6249,#several
8143,#even
581,#program
9678,#fish
1531,#key
9892,#fall
5990,#conference
7828,#air
5170,#computer
4353,#analysis
5467,#attention
5887,#heavy
4638,#American
2657,#professor
4367,#type
9082,#vote
9287,#environment
3835,#make
8485,#direction
255,#tonight
7966,#model
8368,#camera
5706,#political
8876,#create
7312,#almost
2041,#meet
394,#property
4086,#clear
8439,#win
7462,#lawyer
3266,#region
1300,#appear
5438,#never
4149,#suggest
4290,#beat
2796,#more
2043,#hear
1903,#oil
7037,#box
2495,#new
8022,#enter
6558,#resource
9016,#work
7884,#task
4844,#ground
7990,#past
398,#popular
714,#five
8821,#anyone
1219,#station
2715,#Republican
6580,#bring
3262,#occur
8432,#skin
3856,#house
7590,#social
9907,#individual
1275,#create
2160,#something
752,#theory
9956,#receive
8154,#responsibility
3355,#face
1046,#pass
9317,#decade
4011,#wait
8618,#food
5433,#each
557,#weight
7925,#education
4780,#world
2266,#fire
1695,#rate
2428,#character
9332,#whose
4635,#none
4922,#my
577,#stand
700,#within
1887,#arm
6693,#give
1009,#exactly
3791,#left
5243,#his
3809,#system
9420,#all
7589,#behavior
8793,#manager
265,#consider
3787,#perform
6689,#recent
1499,#author
1977,#us
4163,#north
9449,#hear
2833,#challenge
7791,#parent
8352,#least
6862,#gas
5866,#behavior
1202,#find
9456,#political
8580,#tree
8856,#put
670,#political
119,#according
3214,#none
8526,#model
2284,#she
7831,#past
8812,#important
8255,#minute
7020,#pressure
9056,#little
7853,#court
3096,#first
2874,#data
8299,#develop
4701,#smile
5957,#point
3145,#else
4082,#course
9059,#international
1335,#fire
4651,#section
1288,#that
1500,#here
6159,#affect
9987,#store
773,#attorney
4971,#others
781,#scene
4713,#our
338,#party
8604,#western
7919,#act
456,#field
7701,#election
4860,#price
3634,#American
893,#especially
6989,#democratic
9984,#kitchen
8944,#quite
4769,#beautiful
4451,#difference
262,#key
8117,#before
8474,#fish
8189,#space
1807,#agent
8078,#five
2294,#strategy
234,#tend
8935,#suffer
7861,#certainly
6695,#generation
1534,#great
8096,#new
1697,#cause
1347,#sometimes
8454,#source
9545,#watch
9449,#peace
7624,#sing
1947,#sport
6719,#contain
4811,#between
9056,#another
3495,#its
5636,#data
3174,#truth
8785,#performance
5395,#manage
7167,#loss
3529,#article
7082,#make
2537,#training
1870,#yeah
6636,#plan
2681,#enough
4408,#interest
4297,#research
6672,#year
3486,#away
6792,#heart
5753,#day
9803,#total
1020,#with
8579,#walk
4347,#past
7193,#quickly
9170,#fall
9202,#another
8593,#option
821,#public
2451,#health
7870,#director
6557,#beautiful
7530,#growth
9803,#condition
6402,#statement
29,#true
8704,#cup
5004,#nature
2194,#indicate
5665,#direction
6903,#prevent
2897,#now
9088,#employee
33,#writer
433,#blood
7120,#name
5678,#dinner
9040,#available
6335,#through
4460,#available
4198,#choose
7203,#over
1966,#nation
2182,#animal
3482,#soon
5622,#position
9141,#sell
1074,#research
8851,#style
8895,#policy
2605,#above
1540,#four
5142,#throughout
3151,#deal
7011,#analysis
6483,#doctor
416,#standard
7645,#long
2426,#either
9293,#entire
6636,#long
2315,#late
3399,#share
8391,#analysis
6557,#raise
7638,#summer
8902,#player
2949,#whole
5923,#drop
7177,#goal
5068,#significant
895,#present
7283,#miss
2309,#fill
8489,#lay
3861,#responsibility
1835,#news
3800,#inside
7601,#front
8421,#address
4860,#yard
6482,#keep
2747,#accept
9393,#worry
9344,#eye
1830,#before
2767,#vote
7792,#give
2691,#improve
6372,#entire
3732,#whether
2487,#age
1691,#state
867,#third
9156,#piece
5164,#thank
9595,#manager
2453,#energy
336,#piece
3293,#after
5488,#black
5378,#despite
2972,#buy
6435,#sing
1603,#player
3735,#commercial
7343,#successful
5569,#price
8125,#listen
906,#girl
5574,#management
7845,#lawyer
3144,#doctor
6660,#attorney
7192,#concern
446,#little
9123,#per
9133,#month
1336,#very
634,#fact
3205,#go
8833,#rich
791,#question
7092,#degree
2930,#care
1238,#debate
3001,#ground
688,#cultural
5629,#upon
9033,#decision
9100,#hair
5303,#important
788,#another
7239,#instead
9086,#along
9095,#generation
1535,#various
2019,#country
2212,#gun
969,#test
589,#explain
3265,#blood
9826,#anything
3726,#change
959,#must
8915,#time
4421,#statement
2223,#worker
598,#tend
8740,#real
2775,#station
4337,#pick
6997,#quickly
8132,#from
4849,#fund
4364,#power
9202,#generation
8208,#choose
9419,#maintain
989,#left
3306,#recently
9216,#though
8979,#sister
2155,#choice
7817,#kitchen
7375,#manage
7147,#itself
2798,#any
6878,#newspaper
7520,#body
5881,#husband
5890,#order
4918,#everyone
3955,#vote
3414,#design
9105,#put
3955,#water
456,#success
3430,#week
3074,#enough
5620,#training
3436,#could
9562,#voice
9565,#baby
7184,#ok
3444,#response
5627,#per
7647,#team
8121,#born
2465,#during
6967,#would
284,#pay
7613,#I
7322,#say
7935,#leave
837,#teacher
6691,#difficult
532,#beyond
2518,#the
9431,#near
1934,#ten
7038,#owner
8165,#husband
7102,#project
4076,#to
8931,#because
9174,#skin
7576,#forward
6180,#second
3057,#find
4303,#create
4654,#everything
6994,#reveal
1318,#again
7261,#sister
2311,#run
1349,#today
2973,#focus
9279,#budget
4101,#cause
7291,#body
1584,#admit
188,#involve
6600,#join
2850,#data
3142,#say
9513,#scientist
3091,#final
2518,#ground
4925,#appear
5419,#less
7875,#article
7371,#leg
5391,#effort
4448,#right
6092,#quality
9632,#such
3398,#report
973,#commercial
8171,#phone
2711,#trade
2238,#attention
3667,#serious
8455,#former
8555,#according
5827,#large
3607,#early
3487,#your
2891,#difference
7216,#guy
648,#fish
2976,#rich
5202,#across
5852,#perform
5478,#tend
9320,#public
5260,#to
1763,#nearly
5894,#cost
2497,#share
7845,#teacher
1701,#institution
6778,#age
7424,#miss
429,#even
4869,#thought
4391,#commercial
9943,#collection
4810,#someone
5123,#American
7507,#share
7219,#direction
6211,#Mrs
9804,#little
4060,#common
1868,#participant
7006,#thousand
6360,#kid
4853,#direction
8014,#also
3163,#city
665,#station
284,#include
1516,#training
3001,#sister
8912,#table
5766,#truth
5584,#physical
3622,#responsibility
5828,#discuss
7199,#next
4904,#raise
8097,#growth
2484,#change
6675,#player
2376,#only
6438,#lead
3019,#significant
4741,#child
7881,#sister
4238,#board
2773,#speak
1133,#design
1829,#new
3358,#every
7736,#response
9586,#director
6148,#quality
1457,#cup
2020,#fish
1275,#sea
1261,#determine
2589,#yes
2052,#particular
5530,#college
6727,#measure
388,#official
4171,#vote
2515,#beat
5505,#reveal
3797,#stand
4803,#beat
2536,#ever
7486,#school
754,#impact
3156,#program
7129,#party
3420,#player
7329,#mouth
8740,#available
4185,#main
1335,#between
7620,#blue
5148,#east
8746,#style
5643,#election
3782,#investment
6258,#loss
4565,#central
601,#opportunity
781,#vote
5265,#raise
8290,#through
7309,#call
2582,#near
2413,#director
5189,#science
6115,#audience
6876,#again
5083,#example
6211,#myself
5042,#option
3568,#design
2882,#large
3302,#cut
6962,#paper
211,#could
8651,#him
3287,#themselves
5888,#open
5053,#of
8048,#response
6809,#move
2340,#resource
4476,#maybe
4252,#simple
6919,#where
4782,#thus
3282,#weight
6020,#impact
6185,#herself
6762,#your
2957,#source
9897,#try
2313,#who
7729,#bar
9947,#model
661,#model
9313,#politics
2183,#economic
6340,#officer
4047,#card
216,#green
9965,#cup
6330,#return
3129,#every
9327,#security
3461,#manage
8513,#shake
8875,#majority
6719,#into
5941,#pretty
3475,#behavior
9073,#kitchen
2375,#film
1609,#major
7021,#week
4047,#response
2572,#people
3689,#data
4477,#century
6058,#suffer
9827,#protect
7588,#recently
5322,#door
8324,#turn
514,#surface
3740,#war
9848,#still
6437,#notice
4915,#thank
7814,#meet
948,#left
7301,#sister
7676,#rich
8918,#what
9670,#couple
4620,#exactly
4590,#series
6707,#total
6888,#daughter
7784,#act
1018,#scene
8841,#hotel
3955,#certain
9883,#save
5013,#case
4273,#painting
977,#choose
8668,#six
2121,#add
1411,#message
6581,#PM
1531,#now
2155,#defense
9257,#impact
4284,#you
9750,#actually
6368,#process
9401,#eat
6050,#toward
3229,#simple
6976,#foreign
4554,#soldier
3941,#with
6504,#garden
3919,#support
5537,#computer
3029,#quality
1338,#room
1373,#ok
3958,#option
3058,#institution
2293,#too
1280,#ready
6909,#understand
6074,#easy
8529,#because
3879,#two
7180,#improve
990,#federal
6263,#very
6038,#bad
9575,#subject
7016,#off
7722,#they
4454,#nearly
3349,#once
2522,#situation
8661,#performance
4046,#statement
3205,#else
2444,#according
2523,#put
3175,#bank
3899,#professor
7540,#arrive
5730,#thought
3291,#card
117,#safe
8960,#teacher
1484,#too
2612,#involve
4689,#decision
7665,#I
3961,#when
5166,#last
252,#beautiful
4287,#wonder
7054,#budget
112,#modern
4316,#something
8926,#describe
9423,#western
8127,#cover
1646,#those
6507,#necessary
2930,#color
4846,#sell
8207,#wonder
4468,#team
4630,#physical
2907,#soon
6708,#against
521,#radio
7115,#significant
5206,#month
1014,#action
7868,#meet
9919,#tell
5893,#he
825,#with
2926,#maintain
776,#according
8286,#research
9208,#their
3690,#law
3629,#hard
1732,#section
7259,#face
6082,#indeed
967,#TV
4767,#pass
9001,#time
6152,#board
7792,#head
9018,#from
6218,#professional
8865,#particular
2567,#quality
7539,#campaign
399,#instead
5370,#discover
706,#power
6513,#above
8984,#wait
3383,#industry
6628,#improve
428,#discussion
5223,#area
8339,#charge
5163,#inside
470,#professional
844,#produce
4711,#religious
3214,#feel
5253,#simple
2803,#begin
6700,#now
250,#join
9440,#central
4579,#finish
5983,#car
3636,#note
4824,#policy
4267,#market
5083,#conference
7235,#international
5858,#often
2176,#hot
5090,#PM
2588,#agent
6107,#Republican
4796,#trouble
8078,#light
3727,#sign
8133,#detail
4765,#style
2757,#address
8434,#often
1399,#after
3405,#partner
2123,#should
3538,#take
9146,#drop
8343,#term
9516,#during
6885,#site
8520,#yes
909,#office
5713,#church
5216,#indicate
5839,#plant
2201,#event
183,#government
9853,#myself
9867,#federal
2275,#book
6259,#skin
4634,#worker
3265,#course
7026,#south
987,#measure
7864,#trip
1186,#year
222,#the
5027,#health
953,#site
3046,#early
6228,#TV
1557,#positive
1487,#list
8495,#behavior
5760,#likely
829,#say
2509,#teacher
139,#responsibility
6045,#ready
1691,#everybody
5514,#only
9208,#dark
6760,#month
4087,#simple
5273,#while
7626,#president
2596,#stage
5831,#attention
4552,#kitchen
984,#choice
9982,#indicate
6623,#next
9420,#explain
2834,#positive
7081,#difference
8549,#situation
3687,#real
7260,#capital
3809,#consumer
2272,#many
1092,#board
9498,#worry
3435,#level
5457,#age
4267,#themselves
4967,#medical
7598,#respond
6222,#read
5167,#kitchen
565,#key
8250,#role
728,#her
3221,#business
6415,#forward
987,#able
7027,#tough
3103,#through
1526,#baby
1046,#popular
6251,#interest
5934,#fall
3831,#prove
5886,#beat
5781,#she
1838,#with
9131,#soon
184,#scientist
6200,#Republican
6045,#speak
3760,#win
4966,#find
1360,#gas
5387,#technology
8065,#subject
8572,#follow
7209,#need
8540,#usually
4012,#guy
1580,#but
3781,#include
6708,#begin
7574,#than
8064,#within
647,#certain
4161,#picture
6206,#stage
6688,#item
4413,#food
5631,#real
1793,#perform
1647,#employee
9044,#of
1260,#crime
5037,#grow
8442,#high
7484,#protect
9786,#pick
4504,#prepare
9549,#when
7583,#simply
9731,#do
2042,#there
6093,#student
8206,#such
7566,#easy
3671,#hundred
9084,#physical
4712,#north
7016,#shoulder
299,#better
9976,#born
3652,#fire
1873,#read
2096,#now
5126,#you
5281,#fall
3842,#investment
7746,#east
6750,#them
2346,#together
1766,#rock
2670,#act
1232,#be
775,#heart
5532,#product
7833,#be
7644,#become
7053,#blue
8888,#worker
9387,#college
9029,#art
1125,#support
3144,#issue
8332,#main
2230,#financial
9370,#share
5927,#measure
7037,#he
2270,#page
8564,#run
7815,#soon
7466,#then
5989,#director
3843,#public
3996,#see
2455,#air
1531,#begin
8322,#instead
7136,#all
8478,#artist
4876,#animal
2301,#analysis
7441,#sit
4729,#paper
4288,#factor
6271,#forward
5268,#necessary
7697,#during
4759,#place
3442,#trade
5529,#discussion
215,#already
9192,#student
8483,#easy
6137,#again
5615,#first
2982,#there
7480,#defense
5750,#consider
4296,#marriage
6408,#lead
7401,#region
9387,#though
459,#around
3465,#officer
6065,#front
2049,#thank
5288,#media
6847,#across
151,#bank
942,#fight
6452,#series
9194,#only
1475,#upon
60,#visit
3912,#someone
1185,#personal
3413,#buy
4725,#head
6499,#send
677,#between
2188,#here
6349,#owner
2035,#billion
1861,#several
2099,#Democrat
7835,#world
7514,#report
7543,#baby
9682,#country
28,#too
9081,#performance
7055,#bit
4671,#edge
1011,#choice
3820,#show
716,#great
2764,#especially
4352,#position
3382,#east
9392,#community
4572,#message
8962,#machine
2045,#fall
6187,#bill
7916,#social
5736,#throughout
2520,#on
9120,#inside
1082,#recently
5657,#speech
4497,#machine
8974,#accept
7953,#early
9571,#election
423,#clearly
5808,#simple
3198,#can
3423,#reason
5704,#require
7390,#day
7415,#yard
2869,#dinner
8218,#character
7030,#majority
9539,#young
8317,#food
9371,#while
4846,#mean
1877,#claim
4823,#best
7387,#now
2720,#very
1547,#all
3913,#strategy
5633,#manage
153,#scientist
5885,#section
1158,#answer
7425,#letter
9804,#feeling
2622,#reduce
344,#question
8099,#national
2072,#mean
3629,#chance
7489,#unit
9918,#world
8698,#rule
3624,#chance
825,#gun
7953,#yeah
7318,#TV
5026,#use
7664,#weight
3079,#behavior
671,#life
688,#loss
3994,#pay
8143,#whether
4724,#daughter
9779,#since
3475,#safe
4160,#treat
4670,#memory
7695,#successful
1721,#subject
5077,#movement
1401,#tough
5416,#its
297,#still
9451,#opportunity
3710,#rest
3835,#plant
6751,#lay
3110,#newspaper
627,#stay
1179,#only
8143,#pay
7870,#draw
1234,#author
7363,#price
3232,#eat
544,#production
9159,#point
7649,#cut
6898,#consumer
759,#head
7947,#city
9778,#describe
3182,#campaign
8944,#reveal
3313,#cut
9162,#certainly
1289,#floor
3362,#share
2002,#center
9363,#here
4355,#long
9428,#star
3234,#finally
4234,#school
3077,#statement
953,#can
6860,#face
3447,#loss
678,#thing
8656,#for
798,#anything
5949,#power
3067,#play
1172,#loss
9129,#stock
9679,#now
8085,#receive
4590,#company
6554,#my
6541,#indeed
7824,#impact
9709,#at
4050,#wait
1256,#huge
5624,#coach
8952,#air
6067,#argue
2963,#let
4901,#rock
5893,#attorney
8359,#continue
8982,#go
4474,#money
4970,#type
9514,#save
2554,#American
3217,#wrong
7149,#last
732,#morning
8547,#bank
6796,#yeah
1030,#defense
5698,#participant
9875,#sense
2001,#in
6454,#her
1399,#section
225,#work
4034,#feeling
4763,#series
5154,#garden
2973,#order
5236,#draw
9987,#billion
3891,#less
1260,#grow
7026,#short
1489,#though
4161,#however
5679,#dream
7077,#smile
8955,#together
139,#under
3927,#raise
9091,#life
4157,#play
4663,#write
870,#property
2932,#here
1891,#career
3543,#free
3148,#new
6962,#left
7756,#reflect
7156,#memory
1972,#reason
3353,#option
6255,#beyond
7101,#school
7392,#discover
5154,#pressure
6061,#back
8200,#newspaper
2058,#Congress
7745,#operation
2565,#girl
5059,#experience
1441,#water
7899,#make
7451,#someone
3515,#through
8285,#follow
585,#front
8315,#chance
3826,#kid
487,#among
7844,#difference
1942,#air
9420,#mind
1399,#population
2220,#course
8754,#himself
2000,#accept
909,#evidence
8588,#amount
2023,#ability
6826,#know
886,#thank
2835,#right
5293,#blood
5676,#responsibility
6737,#throw
4687,#police
4731,#beat
1740,#machine
9366,#remember
867,#draw
8269,#start
235,#compare
7154,#quite
963,#newspaper
521,#own
2500,#court
296,#degree
9474,#available
5939,#from
6135,#development
6465,#image
3617,#hour
9827,#reflect
2639,#rather
7174,#rate
5814,#prepare
9534,#author
2410,#enter
5814,#outside
4512,#music
1327,#admit
5641,#heart
8831,#camera
454,#later
221,#movement
2631,#voice
7296,#benefit
5745,#center
1425,#focus
1643,#name
9182,#environment
392,#somebody
1760,#data
2930,#think
5760,#feeling
2077,#common
3599,#face
2126,#change
3874,#close
1700,#stand
422,#without
818,#and
9371,#build
5661,#girl
5762,#investment
8599,#take
2565,#blue
1950,#detail
7420,#son
4211,#garden
9393,#its
8192,#bar
7840,#point
8945,#you
1749,#teacher
4712,#reduce
5493,#development
4718,#road
6867,#half
2383,#much
2359,#exist
2146,#kid
8220,#mother
4988,#even
9438,#century
4792,#body
9361,#make
4137,#however
8458,#avoid
8333,#than
1014,#manager
1677,#option
4211,#with
8389,#toward
1077,#significant
6417,#which
1416,#network
774,#fly
2306,#door
4317,#part
9253,#what
388,#gun
8850,#bill
7704,#officer
6049,#century
8417,#put
923,#leg
5725,#trouble
6469,#church
3122,#make
6298,#sea
3287,#inside
4567,#employee
3814,#require
916,#establish
5646,#explain
883,#too
3411,#result
73,#know
898,#quickly
311,#say
1157,#raise
9147,#design
2855,#group
545,#federal
735,#yet
2633,#involve
1233,#budget
6710,#want
5096,#between
5203,#what
2877,#form
1429,#cover
5373,#fly
6877,#who
1330,#chance
813,#recently
6068,#daughter
1890,#hear
4548,#week
6280,#green
7534,#use
4056,#treatment
2536,#president
7086,#offer
2600,#speak
8551,#card
1419,#good
4378,#red
1612,#name
4787,#back
9031,#reveal
1141,#there
6470,#his
1307,#write
4495,#say
5237,#situation
2566,#general
222,#wish
7309,#teach
6075,#travel
6019,#loss
8228,#whose
6891,#old
4839,#have
7183,#opportunity
2507,#decade
435,#car
7500,#show
5781,#some
8342,#thank
6808,#possible
8264,#until
9538,#open
4875,#affect
1529,#statement
5618,#instead
6066,#plan
248,#send
1596,#once
1417,#although
942,#money
3248,#southern
1027,#with
3379,#list
300,#land
2101,#pick
8287,#including
8188,#game
3706,#sister
6980,#process
722,#your
9449,#politics
9133,#skill
2939,#thousand
8417,#life
643,#everybody
8295,#southern
1502,#class
6207,#institution
2061,#all
6964,#must
8570,#career
5855,#budget
3643,#attorney
8476,#perform
3991,#politics
3105,#yeah
7340,#bed
1115,#kitchen
5276,#scene
6724,#prevent
9111,#public
3387,#employee
2210,#performance
8097,#fast
6094,#water
6422,#bank
4168,#individual
4602,#people
4757,#activity
1850,#professor
7026,#national
4513,#again
6693,#power
2934,#at
3508,#remember
8121,#since
8864,#government
2614,#discover
6673,#capital
842,#for
1598,#speak
4850,#conference
8865,#worry
7624,#family
2893,#along
7859,#deal
7493,#site
8616,#government
3516,#mission
6051,#art
9034,#thousand
7466,#special
8621,#contain
5017,#five
1849,#wait
1176,#surface
5383,#scene
2762,#forget
8814,#key
5656,#stuff
9664,#draw
9325,#argue
2724,#though
5643,#customer
9929,#give
7807,#remember
9631,#seek
7081,#seven
4031,#security
1042,#raise
6632,#remember
1047,#personal
228,#kid
3161,#store
2294,#state
4893,#prove
7693,#thus
9299,#discover
4061,#specific
5507,#subject
6232,#nor
8233,#door
9790,#drug
6377,#tend
6263,#tree
4463,#heavy
7714,#build
8132,#really
9784,#reach
7212,#house
4169,#tree
7162,#suggest
7338,#moment
23,#audience
7976,#stock
2641,#form
6348,#man
8263,#sort
3787,#billion
846,#five
7626,#money
7605,#move
1305,#continue
7287,#team
4838,#for
4209,#source
1858,#network
756,#suggest
6323,#better
3736,#pattern
5029,#matter
6871,#paper
4006,#husband
5369,#bag
4418,#those
1851,#sense
701,#trial
9574,#plant
9907,#data
8245,#official
9047,#society
9643,#forward
4441,#keep
6630,#eat
2687,#let
2888,#agency
1308,#page
4325,#allow
2064,#official
5236,#night
5769,#rule
9914,#wish
2408,#age
3055,#trouble
5407,#interesting
869,#two
6010,#concern
6710,#role
7665,#value
8970,#site
1518,#trouble
6917,#important
3880,#ago
7844,#bag
5352,#a
4018,#little
4880,#claim
5194,#buy
507,#responsibility
7475,#hotel
6985,#instead
6399,#marriage
9594,#hard
2517,#attack
9450,#above
216,#with
9199,#glass
3412,#stop
9163,#those
848,#fish
5792,#against
5324,#according
4278,#generation
494,#place
9930,#star
3227,#support
2773,#debate
8360,#show
95,#family
5539,#reason
7840,#standard
4707,#serious
6714,#term
8491,#box
1840,#address
8146,#campaign
5394,#test
8723,#late
2962,#production
7156,#newspaper
725,#land
158,#true
3946,#cut
50,#add
7766,#their
8015,#own
7229,#seem
7151,#rise
1511,#onto
2408,#step
9916,#American
3361,#dog
8640,#window
5486,#record
3779,#over
263,#heart
1691,#question
7496,#stock
6953,#garden
7469,#summer
1128,#across
2739,#religious
2484,#father
7494,#relate
6880,#something
4835,#large
9674,#sign
1567,#involve
1306,#show
5121,#effort
1323,#into
7564,#challenge
7967,#another
990,#feel
245,#issue
5060,#policy
7377,#affect
7249,#continue
5847,#school
7750,#these
1134,#still
6411,#involve
5120,#well
5730,#bad
1052,#here
9578,#believe
2399,#identify
7140,#president
504,#it
154,#suddenly
4956,#live
1913,#others
4340,#their
6704,#opportunity
3985,#heavy
9668,#today
1649,#get
1786,#through
6192,#life
4414,#fact
9896,#bill
9563,#instead
1506,#agent
9949,#financial
9950,#along
2743,#kitchen
2578,#man
253,#then
670,#house
8699,#attention
6535,#agree
388,#guy
6387,#red
166,#me
1421,#buy
1272,#type
1511,#range
6591,#body
415,#style
1451,#where
7166,#official
9903,#project
7979,#argue
2514,#discussion
7320,#onto
8591,#establish
7315,#list
5036,#green
2655,#accept
7163,#possible
52,#anything
4685,#most
2670,#attack
3999,#store
6914,#according
9024,#fine
7364,#standard
5446,#talk
9758,#from
3845,#office
6676,#any
9498,#practice
987,#whole
6589,#painting
3580,#wide
3757,#gas
6941,#authority
4179,#hold
4389,#involve
3803,#property
1745,#throughout
9159,#public
4744,#ok
4629,#drug
109,#approach
9279,#it
6433,#artist
9950,#many
6402,#approach
5547,#low
5393,#artist
4896,#top
7113,#respond
8223,#receive
5491,#after
7980,#against
4229,#seat
6575,#service
8645,#throw
9282,#model
3490,#so
276,#impact
4192,#professional
4868,#international
1882,#three
8256,#either
9545,#term
1654,#former
5265,#recently
5435,#friend
1549,#top
7555,#organization
7577,#total
2662,#every
5153,#take
548,#debate
2393,#exist
3870,#amount
8037,#difference
3918,#sense
7303,#free
8178,#someone
6581,#identify
6222,#glass
8283,#woman
7539,#floor
6273,#because
7042,#audience
9841,#range
4470,#sign
1536,#life
9517,#eat
5703,#national
4387,#success
6553,#table
4208,#the
6045,#exactly
3636,#model
4302,#between
3047,#country
6141,#student
8526,#around
1433,#cup
7340,#hit
9853,#power
2307,#start
4344,#exactly
7470,#great
6544,#police
7669,#find
1348,#along
3587,#hair
6481,#thing
1280,#market
3368,#author
4211,#develop
5959,#early
1609,#field
4226,#money
9441,#respond
8060,#property
521,#you
2762,#win
707,#speech
4367,#adult
4265,#yes
5552,#test
438,#list
3912,#Mrs
966,#notice
1501,#evidence
2958,#identify
3586,#people
4082,#old
693,#government
6182,#rock
7262,#capital
5467,#middle
6150,#on
6786,#share
2221,#wonder
4110,#score
1906,#wife
8282,#service
699,#carry
4053,#population
5453,#director
369,#including
480,#lead
1937,#subject
8129,#production
5422,#who
5125,#around
8347,#region
707,#information
7022,#west
7425,#significant
6474,#region
1268,#red
4558,#after
4850,#claim
4190,#write
1573,#white
9308,#record
5226,#occur
5144,#listen
3541,#beat
8311,#early
3863,#art
9317,#type
963,#short
621,#husband
124,#trade
7532,#respond
7273,#machine
21,#almost
3282,#explain
4680,#add
758,#hold
9240,#weight
5559,#large
3948,#challenge
7910,#will
6515,#another
4280,#at
2924,#six
957,#space
4253,#society
5913,#TV
456,#total
5957,#party
5277,#present
7248,#bank
368,#leg
8927,#hair
3736,#this
2152,#business
5871,#will
3995,#ball
3998,#rate
404,#edge
711,#author
4380,#rise
9513,#continue
5716,#body
4050,#teacher
3519,#traditional
303,#feel
924,#appear
320,#traditional
5712,#land
4994,#future
9364,#system
7620,#relate
1091,#what
6604,#family
3346,#weight
9344,#education
1614,#thing
720,#development
1866,#begin
856,#right
8477,#continue
3294,#life
6147,#someone
8228,#usually
8154,#southern
2107,#military
2553,#reach
4771,#region
9644,#expert
2071,#inside
389,#condition
1727,#have
5449,#Congress
4975,#since
7203,#second
2332,#able
9882,#between
9646,#goal
5394,#effort
4759,#still
4008,#me
9004,#have
2250,#study
2930,#nature
8996,#option
1508,#apply
1911,#near
8117,#behavior
4671,#growth
6604,#gun
8191,#different
7007,#mission
2225,#open
8717,#summer
4353,#page
1020,#people
5421,#generation
108,#apply
7786,#author
3610,#gun
9387,#discussion
5192,#car
3202,#opportunity
4997,#watch
1271,#expert
1556,#paper
3724,#win
2269,#everybody
7887,#why
3912,#there
4732,#industry
7919,#young
4283,#team
2023,#moment
6515,#language
5381,#behavior
6971,#worker
4284,#challenge
7298,#eight
6710,#likely
2740,#wall
9989,#draw
748,#race
7262,#support
5318,#return
8177,#here
5243,#particular
468,#behavior
376,#film
9905,#message
3520,#available
5578,#movie
3268,#adult
2890,#trip
5747,#speak
770,#career
5361,#sit
7194,#expect
5437,#service
8380,#reduce
7916,#participant
4950,#even
4855,#hotel
9903,#join
5107,#one
80,#appear
8008,#car
396,#ability
93,#spring
3344,#product
4381,#rule
4409,#soldier
1700,#full
891,#final
3679,#believe
1762,#big
3484,#close
3858,#feel
9312,#total
5218,#wait
8670,#across
1119,#end
3592,#surface
4753,#window
6424,#try
9794,#after
8693,#music
3010,#similar
677,#especially
9065,#what
6650,#minute
8999,#indicate
9734,#family
6447,#other
7012,#individual
9709,#only
9558,#their
1670,#allow
7584,#skill
7663,#necessary
3120,#individual
3756,#writer
2055,#scene
2787,#various
1329,#sort
7076,#board
1831,#series
1925,#ground
2727,#crime
7281,#build
7781,#can
5794,#part
9819,#already
1821,#amount
3792,#maintain
865,#east
4390,#step
8249,#finish
9044,#series
7037,#decide
7321,#land
1126,#issue
7085,#guy
3856,#grow
4173,#explain
2705,#industry
236,#culture
9076,#half
3895,#scientist
430,#one
4184,#color
1711,#seat
4963,#across
9540,#after
8253,#last
7917,#throw
1638,#foreign
5727,#red
7415,#development
9575,#black
2331,#two
7961,#the
8567,#character
2733,#we
8160,#sit
8673,#picture
1749,#respond
2700,#give
3722,#member
7319,#head
3729,#international
4335,#five
9557,#crime
8206,#before
3819,#statement
8263,#beat
4764,#law
8422,#choice
1365,#professional
6086,#size
4746,#let
5421,#night
7364,#work
5376,#within
3051,#general
8877,#hope
3163,#wide
2118,#bar
655,#seem
9572,#admit
5231,#blue
3492,#same
5121,#budget
3581,#view
9933,#our
5627,#particularly
589,#develop
4611,#interview
950,#require
5390,#air
5725,#watch
7201,#movement
414,#page
8793,#without
5485,#end
3018,#figure
9011,#anyone
3827,#scene
3504,#box
737,#benefit
416,#move
2801,#nation
4394,#interest
4775,#star
4390,#most
244,#this
4705,#goal
7969,#activity
7049,#cost
1140,#box
1440,#foreign
2989,#from
9138,#great
914,#bag
2574,#full
1504,#discussion
8963,#capital
8831,#tough
4263,#speak
8502,#run
935,#together
3089,#anyone
3651,#throughout
1209,#clear
6393,#some
1466,#PM
530,#story
6500,#growth
9278,#produce
3726,#camera
5330,#seem
3359,#down
9496,#yes
3832,#a
3390,#total
552,#interesting
9128,#board
1284,#opportunity
5675,#heart
6975,#yes
2524,#attack
5320,#easy
9325,#consider
3477,#able
9244,#particular
2987,#another
696,#their
8879,#build
5155,#fight
5557,#suggest
5661,#art
3192,#result
4947,#tell
2673,#gun
7048,#charge
1132,#film
4007,#wish
6719,#wind
7846,#usually
3406,#trouble
6919,#answer
5287,#whether
7229,#strategy
1010,#draw
7773,#analysis
9581,#economic
9701,#measure
211,#business
3279,#southern
7058,#professional
3194,#age
3139,#response
8583,#million
1823,#fly
6577,#citizen
8972,#media
101,#poor
4370,#thought
3918,#strategy
5645,#thus
4445,#long
906,#begin
6043,#end
4198,#on
8773,#project
4464,#lawyer
5922,#reason
6636,#continue
345,#reflect
8850,#care
5626,#discussion
1816,#value
4953,#recently
9042,#administration
2615,#serve
7410,#method
3307,#allow
5743,#product
7032,#city
7155,#home
800,#story
6142,#wrong
7275,#different
6586,#cultural
4079,#size
6347,#parent
7766,#past
9002,#cup
7536,#culture
1570,#measure
5766,#out
1746,#avoid
1242,#term
5456,#consider
6844,#pull
9600,#court
4268,#exist
3243,#PM
3918,#receive
931,#while
550,#end
8598,#according
9016,#court
921,#institution
9599,#its
2642,#or
3733,#result
5572,#main
7918,#since
8400,#use
1408,#deal
6154,#threat
8514,#head
1327,#because
1648,#memory
6957,#condition
5223,#type
9917,#ahead
597,#camera
3613,#improve
2552,#arrive
7069,#piece
1866,#wear
6534,#on
11,#out
179,#person
1663,#father
7178,#could
3702,#Mrs
3675,#program
2862,#cause
7047,#total
878,#deep
3945,#condition
2048,#hair
3019,#source
6129,#discover
8145,#goal
8032,#this
2096,#husband
4903,#deal
8279,#carry
9884,#fish
2856,#consider
8548,#knowledge
8874,#assume
4865,#movement
8865,#book
5508,#standard
5209,#time
5428,#state
8900,#rate
3933,#collection
8310,#trouble
8273,#drop
697,#learn
7314,#majority
8492,#drug
5151,#itself
9873,#clear
9607,#suffer
7637,#evidence
8732,#moment
46,#marriage
2520,#table
1190,#choose
2086,#least
3926,#station
5610,#idea
6924,#toward
6364,#church
4186,#product
7260,#affect
1725,#project
9974,#road
5504,#house
3905,#where
1787,#agent
5849,#how
3884,#include
7829,#would
9274,#remember
8650,#will
9977,#your
9872,#show
7499,#collection
7092,#pretty
8288,#possible
4996,#pass
6366,#within
6382,#hot
4841,#picture
6551,#often
601,#determine
275,#pretty
3983,#pretty
1580,#energy
8654,#name
9709,#effect
5433,#history
6088,#mouth
6993,#hand
5354,#national
3610,#final
3122,#discover
2031,#list
5512,#wait
5453,#election
2732,#process
8648,#guy
500,#my
398,#dark
8759,#turn
7377,#everyone
5719,#you
1619,#around
8365,#important
3132,#very
4164,#no
5862,#wind
3431,#college
7039,#kitchen
5142,#worker
3784,#kitchen
5434,#than
6440,#tonight
1771,#fact
4416,#that
3327,#allow
1869,#similar
6572,#financial
7873,#success
7847,#really
4761,#fight
4287,#appear
1460,#court
7362,#study
54,#condition
2918,#type
6298,#personal
4801,#despite
2452,#level
4197,#scene
6546,#risk
5147,#listen
4873,#very
268,#opportunity
5601,#put
3876,#behind
8283,#law
5640,#join
4037,#watch
7044,#operation
8761,#off
570,#eat
2070,#available
5316,#big
1372,#focus
8614,#apply
2101,#child
5024,#Mrs
4295,#expect
4137,#analysis
1803,#practice
1498,#experience
4057,#work
8999,#again
8614,#form
4944,#course
8919,#inside
1283,#recently
6227,#white
8702,#these
4968,#home
8462,#cost
8913,#rich
8423,#else
414,#third
7814,#painting
8804,#actually
3257,#report
7553,#matter
9426,#such
4670,#doctor
1431,#prove
3722,#garden
8156,#anything
7886,#according
5518,#spend
9544,#rule
7202,#throw
8170,#goal
241,#poor
5298,#remain
439,#them
3713,#back
805,#possible
9795,#bed
7996,#raise
4653,#couple
9644,#fire
6635,#total
4953,#pick
6225,#present
2763,#lose
7600,#now
6848,#above
9424,#training
4657,#enough
1720,#project
6333,#technology
9679,#particularly
6610,#few
5910,#adult
8785,#lawyer
1519,#to
5691,#use
9512,#police
6945,#let
4770,#rather
887,#finally
8301,#place
7997,#population
3398,#writer
9959,#father
7733,#fact
3536,#there
9323,#stop
2746,#family
9005,#arrive
6521,#rate
1856,#program
6485,#idea
6030,#girl
394,#appear
2434,#tonight
7672,#physical
15,#four
4746,#third
4704,#happy
3127,#action
2481,#actually
9920,#last
6703,#individual
1362,#write
415,#business
3953,#born
9872,#report
1565,#space
3165,#even
2959,#five
4515,#positive
3073,#say
9234,#long
6383,#section
8677,#eye
7746,#agreement
9497,#thank
3812,#owner
634,#today
6986,#administration
600,#after
4619,#whom
4367,#skin
7989,#girl
6238,#perform
5413,#strategy
6261,#out
2553,#economic
4931,#full
2921,#get
2010,#strategy
5969,#bill
3516,#blue
4467,#guy
435,#avoid
4426,#land
9295,#her
6288,#open
4130,#product
8781,#among
9499,#blue
5422,#focus
2629,#require
177,#daughter
4844,#those
9733,#trouble
168,#suddenly
6458,#letter
3231,#state
2305,#state
342,#behind
307,#stand
1568,#kitchen
664,#he
4026,#ready
4790,#hand
9346,#land
5244,#it
9148,#represent
6866,#program
8666,#sort
6102,#especially
6496,#discuss
9796,#not
893,#worry
3138,#half
8324,#computer
1421,#structure
7351,#song
9324,#hard
326,#actually
9237,#high
8852,#because
1521,#goal
3594,#environment
4047,#in
6488,#factor
8476,#always
285,#sign
5282,#small
2714,#certain
1915,#arrive
2300,#establish
9336,#company
7156,#two
4732,#offer
8437,#easy
3170,#population
6778,#foreign
1101,#expect
8223,#after
1878,#or
629,#blue
7503,#foot
1332,#whether
6469,#hear
9922,#pick
8614,#fight
7435,#finish
9636,#stock
238,#save
9368,#tree
147,#serve
5997,#character
8814,#sure
7895,#opportunity
3801,#himself
863,#recent
7733,#let
916,#leave
9762,#start
9815,#if
5899,#still
6678,#actually
908,#instead
4040,#cut
8106,#great
381,#arm
5148,#operation
7842,#each
3944,#face
96,#series
136,#actually
8790,#spend
1380,#try
8121,#option
6165,#door
7175,#start
8202,#admit
4199,#sure
4843,#join
5445,#thought
6748,#current
9430,#possible
5119,#language
6213,#whatever
9716,#hope
2841,#nice
7012,#election
7823,#left
7857,#trade
4918,#world
7081,#everybody
9177,#eat
7327,#should
8389,#receive
8551,#use
7757,#throw
3072,#not
920,#now
7508,#law
7439,#include
8883,#research
1047,#popular
4645,#whom
736,#the
292,#control
2220,#three
1283,#network
4374,#fast
1397,#still
4998,#property
7518,#although
7514,#where
1000,#safe
205,#reach
3508,#material
9008,#source
1224,#reveal
6457,#program
6756,#war
9224,#from
8362,#her
6451,#hour
1275,#ahead
5535,#alone
4654,#majority
7892,#manage
3290,#figure
2905,#stock
1642,#example
913,#left
9064,#live
4563,#appear
7115,#rest
8392,#white
2688,#group
9203,#office
3816,#hair
8996,#southern
1301,#wife
2633,#product
8161,#great
330,#each
505,#interview
5141,#benefit
7355,#writer
5781,#entire
324,#just
2340,#court
7665,#reach
8559,#side
6989,#total
1081,#quite
4564,#break
8668,#where
6110,#speak
6370,#thousand
8197,#religious
2263,#degree
458,#strategy
6881,#a
2751,#room
714,#most
3041,#building
6401,#skill
7701,#discussion
7058,#present
8049,#garden
4873,#adult
8504,#soldier
6045,#such
6050,#health
3857,#claim
7639,#crime
4334,#particularly
4956,#share
3267,#fly
6677,#quality
415,#paper
7005,#traditional
8557,#free
5080,#will
2437,#continue
5851,#line
7035,#world
205,#work
8774,#vote
6842,#word
3626,#act
8894,#ago
4877,#to
5498,#quality
8363,#fact
6154,#man
8946,#treat
7713,#generation
126,#must
3211,#garden
2587,#cup
1419,#treatment
9341,#long
6391,#trip
291,#manage
3714,#itself
5300,#avoid
2458,#recent
8262,#door
1075,#community
6522,#bill
314,#participant
4223,#charge
7924,#report
442,#including
9851,#than
7933,#media
632,#organization
3765,#professor
5748,#especially
2656,#live
4113,#southern
5444,#line
7798,#prevent
2596,#window
4743,#effect
7430,#baby
2052,#case
811,#reality
8388,#sense
6180,#eat
9775,#few
5553,#step
3428,#pass
8924,#ability
5583,#case
9377,#member
892,#leave
628,#property
5596,#help
6169,#whose
6687,#clearly
2782,#behavior
4686,#detail
4270,#look
2854,#early
213,#owner
3568,#free
252,#effort
6790,#baby
6840,#at
4053,#before
6001,#center
5690,#and
2440,#real
5131,#you
4977,#outside
2924,#plant
5295,#television
1209,#degree
8140,#let
7843,#radio
3373,#clearly
4264,#dream
8132,#responsibility
9108,#any
8531,#year
1582,#best
5331,#recognize
8662,#yet
2847,#trip
9291,#certain
7077,#according
6920,#good
4131,#bar
2164,#wind
8409,#agent
2479,#ask
7704,#individual
9875,#interest
2491,#history
8079,#nor
4008,#out
6549,#establish
374,#join
3216,#result
7481,#magazine
250,#young
5858,#arrive
5331,#effort
7132,#offer
5299,#clearly
4794,#as
3227,#four
2816,#forward
3238,#president
175,#that
8040,#method
3167,#today
9787,#life
2060,#be
1419,#chair
4565,#structure
3176,#toward
2570,#become
2566,#as
2917,#nearly
8224,#identify
5197,#story
5761,#peace
4432,#any
8186,#paper
682,#show
4249,#better
7658,#truth
4549,#old
8709,#eye
1124,#eat
453,#if
3685,#how
8529,#beyond
8211,#maybe
4699,#she
2261,#paper
4422,#school
2627,#top
3603,#nothing
865,#lot
3099,#region
7695,#gas
1707,#skin
2090,#support
4342,#study
6726,#phone
4404,#pay
6348,#popular
3764,#oil
2009,#eye
8478,#democratic
9113,#traditional
7658,#produce
8900,#under
5337,#receive
7979,#cultural
5891,#what
19,#father
6293,#along
6945,#compare
6778,#north
2766,#nature
6662,#understand
463,#require
994,#serious
4265,#foreign
5226,#window
5580,#more
5827,#including
2138,#life
280,#item
9090,#fear
372,#activity
8393,#level
4541,#top
621,#pressure
4312,#above
7843,#live
5203,#main
2613,#industry
4036,#put
5218,#if
2924,#could
123,#speech
6814,#stage
5061,#response
7928,#he
8238,#others
4868,#class
5441,#finish
8930,#voice
9039,#trouble
7815,#whole
3948,#hospital
7931,#movement
4965,#of
3172,#weight
8478,#get
70,#reality
7684,#listen
813,#generation
3502,#data
9113,#much
1398,#party
6332,#answer
2218,#provide
6587,#page
4284,#contain
4028,#agreement
3371,#behavior
5890,#individual
6977,#understand
1129,#dream
2581,#sport
2170,#bed
7484,#take
1048,#indeed
8543,#serve
5733,#lose
7235,#performance
383,#maybe
4771,#ever
3293,#want
7686,#not
9466,#under
6798,#thought
5521,#with
4058,#paper
7807,#that
4247,#each
4429,#among
6496,#Congress
5667,#support
4871,#trial
8888,#including
7104,#organization
9883,#investment
3508,#marriage
7787,#wind
9562,#score
679,#east
4247,#partner
8685,#bed
4598,#drive
5026,#section
1073,#north
5479,#glass
2687,#notice
5001,#care
3103,#charge
9981,#western
1211,#each
2122,#return
3570,#individual
3444,#less
8029,#anything
5592,#ask
4445,#standard
747,#guess
9191,#keep
7048,#from
7335,#too
4396,#theory
2515,#tell
87,#process
6730,#question
183,#relationship
3209,#recent
6550,#home
8788,#today
7702,#actually
7848,#enjoy
7618,#again
9878,#dream
1523,#certainly
1404,#government
2301,#audience
8126,#movement
9822,#hotel
5918,#lose
360,#event
6616,#exactly
4115,#serve
9825,#effect
8472,#wear
4674,#understand
4448,#pay
8851,#detail
4906,#former
255,#by
8622,#cold
5326,#Mrs
5391,#always
2083,#nor
2788,#standard
7692,#open
2801,#local
2096,#hair
3833,#so
7622,#food
4612,#gas
4837,#matter
7785,#baby
456,#kitchen
4392,#serious
3088,#member
7596,#realize
7869,#others
8347,#they
5549,#or
3938,#chair
7169,#weight
2481,#realize
8152,#someone
2284,#kitchen
9155,#by
7937,#sport
1574,#natural
3168,#world
8780,#imagine
2003,#economy
4581,#laugh
9204,#professor
5130,#article
6900,#author
2969,#industry
7787,#culture
1565,#air
8789,#kid
5567,#message
8656,#police
4684,#room
4300,#find
6060,#from
8990,#significant
8204,#never
5826,#take
640,#admit
2014,#speech
2345,#job
5805,#mean
1959,#report
4530,#company
6737,#open
5474,#manager
3968,#organization
9498,#investment
5465,#least
6669,#specific
6691,#on
8416,#keep
2358,#natural
648,#risk
8307,#think
2664,#traditional
2998,#floor
4215,#argue
3094,#away
271,#may
6382,#popular
1930,#speak
9152,#perhaps
4229,#such
8772,#worker
1284,#the
4004,#collection
4977,#step
5602,#eye
9732,#prepare
4700,#same
6955,#home
8957,#painting
5176,#provide
7702,#home
570,#know
4352,#ten
3605,#watch
8509,#none
2529,#national
9503,#by
2313,#firm
2853,#majority
6246,#local
8945,#civil
5150,#short
3164,#many
9947,#strong
478,#teach
6623,#occur
2237,#serious
7227,#month
956,#candidate
7678,#past
7480,#majority
7541,#purpose
4648,#whatever
1762,#material
7031,#these
6026,#toward
806,#purpose
4445,#player
441,#career
8963,#with
2486,#statement
8050,#ten
9358,#wrong
2425,#way
1085,#me
5772,#occur
5041,#we
6006,#carry
323,#outside
1784,#throw
3877,#attorney
4302,#operation
1794,#his
9403,#wide
971,#describe
2110,#group
849,#woman
548,#no
6900,#let
6665,#least
8477,#major
2830,#dog
1974,#commercial
1167,#agency
4031,#sense
4102,#cover
6421,#subject
9851,#relate
6769,#however
6725,#walk
7733,#only
6436,#only
1214,#single
3508,#light
7782,#this
1920,#value
8268,#wife
6334,#business
1984,#heart
1707,#her
6911,#hospital
2807,#month
1504,#pull
9203,#plant
8683,#heart
2405,#herself
656,#human
1308,#speech
2674,#store
424,#almost
9248,#woman
4964,#despite
1333,#moment
7465,#coach
6776,#seat
3594,#degree
4185,#right
246,#page
1835,#he
1523,#whole
7488,#take
9992,#get
5849,#because
9328,#reason
3375,#type
5371,#myself
4569,#consider
1552,#source
6579,#foot
424,#job
4001,#either
9279,#least
4238,#sure
359,#head
3452,#education
5513,#act
9738,#likely
43,#final
3331,#leader
541,#sell
8688,#catch
595,#among
8787,#into
1751,#alone
5726,#executive
5535,#trial
3547,#board
6100,#list
1798,#look
1824,#growth
4370,#old
5044,#card
4188,#turn
1133,#certain
183,#wonder
6910,#action
9652,#yet
8461,#least
1773,#alone
1995,#decide
8199,#fear
4725,#material
7853,#start
5939,#note
1823,#administration
844,#someone
1478,#bill
8676,#or
5106,#I
4322,#within
6651,#own
9011,#hard
1060,#skill
5222,#crime
4026,#you
5279,#cell
4503,#design
7064,#maintain
7206,#court
2053,#himself
9867,#accept
1291,#he
7996,#parent
5339,#little
9421,#family
2939,#treat
8886,#goal
8999,#camera
977,#certainly
7972,#change
8032,#military
4042,#people
5737,#note
9091,#current
9085,#itself
9733,#season
8460,#conference
691,#military
1894,#among
2361,#need
9773,#reach
1326,#production
7933,#save
7889,#she
8379,#start
5402,#carry
4548,#feeling
1555,#administration
2980,#onto
725,#law
5498,#mission
5490,#loss
5389,#particularly
3930,#public
1086,#bag
4082,#let
5002,#box
5151,#fine
1624,#ever
4757,#about
6807,#to
9696,#ago
1650,#child
4869,#rate
4892,#training
6468,#majority
2191,#behavior
5434,#avoid
6413,#trip
8771,#candidate
3872,#threat
48,#page
2155,#hundred
2836,#result
3844,#although
8108,#how
7195,#special
9794,#stand
9951,#purpose
219,#serious
6707,#authority
9777,#total
8297,#argue
6528,#act
2365,#describe
6313,#realize
9930,#across
8737,#difference
5330,#upon
2389,#certain
7444,#throughout
5290,#training
625,#model
4120,#hand
5854,#her
9842,#green
2853,#they
7092,#will
5807,#hard
4744,#sound
5187,#understand
3054,#middle
457,#impact
8754,#age
9891,#significant
1848,#law
6508,#never
4968,#red
51,#provide
62,#civil
6210,#cold
9441,#power
8531,#listen
4510,#single
8826,#opportunity
7763,#production
273,#might
3933,#quite
8881,#step
6143,#much
7169,#party
9364,#plant
1842,#heavy
5331,#how
7855,#from
877,#because
1537,#follow
3577,#sign
273,#daughter
9166,#process
7239,#over
9213,#professor
858,#cover
198,#officer
6693,#significant
5149,#surface
7325,#guess
7064,#fight
9934,#surface
6808,#quality
5314,#never
2172,#during
2601,#seem
5653,#should
8318,#particular
5136,#sound
2626,#writer
7556,#officer
907,#some
6453,#amount
2852,#laugh
3405,#much
4963,#meeting
1354,#until
8824,#may
2155,#put
6645,#visit
5917,#wide
5123,#attorney
7215,#local
6268,#thank
1646,#rate
9894,#north
1015,#ground
5777,#assume
7854,#evidence
9104,#apply
880,#agent
5638,#try
6775,#effect
8138,#Mr
1162,#agent
8921,#serve
4029,#right
7929,#officer
4920,#else
804,#call
9000,#camera
6133,#determine
6193,#them
2029,#why
5193,#onto
7735,#indeed
3296,#seat
3891,#before
4511,#best
6238,#point
1447,#trade
9384,#oil
1505,#herself
5581,#something
3910,#start
503,#understand
3788,#mission
6771,#various
5280,#paper
3178,#from
8584,#year
6704,#similar
5854,#easy
1120,#machine
3069,#we
3982,#position
4986,#what
129,#defense
4241,#position
8441,#at
2217,#car
9617,#sell
4603,#positive
7815,#girl
3406,#who
4861,#team
2935,#structure
9565,#about
9194,#mean
4408,#century
9701,#cause
4170,#race
2054,#remain
1252,#know
3208,#other
8752,#politics
4955,#treatment
6741,#perform
5743,#number
3787,#ground
1513,#sister
6540,#when
3209,#opportunity
9133,#forward
6073,#music
8936,#detail
832,#shoulder
174,#knowledge
4688,#I
5041,#much
2727,#star
9101,#decide
6416,#government
584,#try
6397,#final
6866,#senior
7352,#poor
5018,#dream
7725,#individual
7306,#remember
7600,#performance
381,#letter
4602,#think
6772,#door
5177,#lot
1012,#carry
3929,#little
4029,#interest
6164,#begin
6374,#us
7285,#else
5139,#purpose
543,#him
248,#issue
1524,#everybody
278,#early
5631,#learn
1927,#thank
4189,#suffer
8160,#give
7336,#indicate
6902,#plan
3252,#middle
4338,#organization
8089,#close
8809,#economic
6145,#condition
9965,#get
7338,#artist
8804,#property
2004,#keep
9215,#agent
9879,#newspaper
4632,#cultural
2754,#statement
9552,#conference
1248,#to
2165,#let
4207,#teacher
5780,#series
3676,#religious
206,#social
8003,#citizen
1601,#major
9442,#goal
7499,#effort
5515,#imagine
4463,#today
8538,#now
1626,#strong
4416,#everybody
9552,#activity
5778,#important
415,#campaign
7050,#discussion
4369,#stock
5392,#yet
4784,#dinner
9220,#among
274,#now
9966,#need
3376,#measure
9419,#sound
6125,#idea
6960,#attorney
5132,#available
8992,#scene
9734,#small
2956,#actually
5683,#apply
784,#hot
4258,#seat
9566,#house
6292,#approach
8327,#after
2586,#various
5706,#able
2640,#election
7969,#main
3654,#yard
4034,#job
9585,#ever
5521,#still
6725,#life
1690,#generation
6056,#specific
1196,#clearly
7674,#company
6475,#police
1668,#throw
6637,#building
2942,#music
1043,#trade
4374,#might
6256,#not
4072,#art
4830,#carry
5967,#good
8321,#if
3070,#trip
4231,#international
7339,#though
9711,#wall
3088,#they
4091,#should
3628,#hundred
5800,#land
5709,#law
2971,#improve
8747,#take
8998,#never
303,#music
1940,#air
2650,#its
9884,#maintain
4164,#back
2207,#suddenly
9928,#character
9943,#east
9963,#hope
7529,#market
7689,#game
2541,#manager
5720,#commercial
4219,#determine
8248,#perhaps
763,#worker
9692,#near
3816,#relate
4660,#almost
1269,#group
3153,#serious
4563,#though
3476,#determine
7387,#assume
1296,#Democrat
4421,#office
6536,#strong
6225,#religious
6561,#indicate
7634,#contain
5010,#reflect
2671,#eye
6784,#money
3189,#hotel
2221,#cause
7840,#successful
2488,#use
7987,#themselves
1895,#hospital
2277,#vote
4529,#stuff
4897,#budget
8432,#avoid
6520,#door
4805,#until
5423,#support
9531,#organization
3852,#old
3606,#deep
6632,#start
5604,#available
5835,#hot
165,#child
2105,#impact
625,#operation
7917,#red
3136,#gun
8550,#population
1489,#least
9066,#source
4585,#director
9940,#worker
2489,#only
2448,#rich
7166,#low
5951,#land
6636,#group
8771,#watch
675,#professional
3498,#fire
176,#allow
1596,#be
7002,#explain
8746,#husband
7569,#bit
1377,#so
9773,#street
4114,#music
1714,#he
1695,#especially
865,#eight
1415,#citizen
7173,#follow
4545,#notice
6527,#source
8008,#nature
8881,#thing
9695,#list
8955,#worker
3907,#red
944,#long
3912,#power
9693,#particularly
2862,#respond
6319,#ever
795,#own
9417,#score
4335,#including
6153,#explain
5179,#fact
7424,#too
752,#along
770,#parent
4125,#traditional
6147,#join
4618,#effect
7755,#knowledge
9997,#rule
2670,#trial
8524,#first
199,#space
7947,#truth
1714,#middle
6564,#fly
6912,#suffer
1379,#know
6516,#try
9402,#guess
8559,#event
6459,#sound
219,#official
5746,#member
8198,#simply
1412,#member
1579,#of
2808,#clear
3167,#avoid
7870,#face
8257,#itself
6781,#out
4225,#throw
687,#fill
1413,#under
3619,#go
1346,#form
6019,#today
7846,#might
5548,#pass
3484,#material
9397,#ready
7092,#Mr
5894,#professor
8047,#movie
9786,#well
5883,#head
6800,#administration
8546,#campaign
2333,#relationship
348,#everything
5632,#wonder
6405,#customer
4562,#case
1558,#adult
9445,#better
1505,#week
6204,#here
5775,#out
